axis,a_actual_over_assumed_SD,Spread_refit,Oracle,Frozen,mean_delay_ns,mean_angle_deg,gain_db,gain_ci_low,gain_ci_high
1,0.25,-12.4134935034829,-13.7801222432236,-12.4581046338728,8.10431938728661,8.87245854845785,-0.0446111303898213,-0.0782008305237802,-0.0144989973746537
1,0.5,-12.8628166836061,-13.7801222432236,-12.8738830016569,8.70291436126129,9.23405286505809,-0.0110663180507888,-0.0323009412359898,0.0112751497356331
1,1,-13.0290679126965,-13.7801222432236,-13.0290679126965,9.19101067917068,9.36653583576053,0,0,0
1,2,-12.9270994476761,-13.7801222432236,-12.942168134449,9.38382261511896,9.48592443834232,-0.0150686867729242,-0.0260331536971847,-0.00302479764634889
1,4,-12.6628611776096,-13.7801222432236,-12.690622867401,9.45542709733783,9.54872198299365,-0.0277616897913049,-0.045708130425707,-0.00940706094856125
2,0.25,-12.5985814920401,-13.7801222432236,-12.3319114880283,8.88120121466317,7.12072719133381,0.266670004011772,0.245612411655662,0.289176003616312
2,0.5,-13.1177184390129,-13.7801222432236,-12.9821881048866,9.07513632595582,8.19517468659148,0.13553033412629,0.115904418988043,0.156366275648947
2,1,-13.0290679126965,-13.7801222432236,-13.0290679126965,9.19101067917068,9.36653583576053,0,0,0
2,2,-13.0043877242093,-13.7801222432236,-13.019677521141,9.22817373524115,9.71225282925613,-0.0152897969316488,-0.0246597056682258,-0.00257306443246108
2,4,-12.9986480447152,-13.7801222432236,-13.0152701980035,9.23811439892867,9.79897752028481,-0.0166221532883419,-0.0297594695362786,0.000752006308687214
