iteration,nll_0p5,nll_1,nll_1p5,nmse_0p5,nmse_1,nmse_1p5
0,0.520188394624298,0.60780867011657,0.87417704139395,-9.00288874071962,-8.58506731783731,-7.46823259658642
1,0.486338765956493,0.486847029041879,0.524940050495147,-9.18520746775008,-9.27073912015329,-8.51509779050522
2,0.474974227590812,0.473445326694511,0.487798924718628,-9.24846235129892,-9.33703979832377,-8.92449054943029
3,0.470067474166852,0.46953356212161,0.47865394829251,-9.27601065335073,-9.32775169161608,-8.96390979436982
4,0.467402082567647,0.467572866893946,0.474739265632337,-9.27317298966699,-9.29989081395989,-8.9807943823054
5,0.465983472085363,0.466231614487321,0.471798676172197,-9.2611254773089,-9.27797122671191,-9.01902047004455
6,0.465062749046903,0.465386048499005,0.469922804661461,-9.25518040913748,-9.25797405346429,-9.01234182023933
7,0.464457215763458,0.464733787760999,0.469039138738436,-9.24545202683474,-9.24738544345945,-9.00884590491449
8,0.464004161651437,0.464209595399255,0.46838709541854,-9.23563066008401,-9.23601634847943,-9.00532576668828
9,0.463655739461377,0.463758036105593,0.467911195535368,-9.22671928440032,-9.22223913360397,-8.99809466412943
10,0.463347491384026,0.463428723194792,0.46753094393454,-9.21959908433187,-9.22215168250993,-8.99612188481696
11,0.463084979839304,0.463139008528994,0.46718714940969,-9.21615895374578,-9.21759203615964,-8.98447803136127
12,0.462853052798369,0.462918614157126,0.466811591447817,-9.20914161841043,-9.20966537652768,-8.98335894298067
13,0.46265950845278,0.462701125108932,0.466517744335845,-9.20695191793145,-9.20395296757551,-8.97650491723942
14,0.462502818952784,0.462545534261456,0.466232658616577,-9.20370791075208,-9.19782287993515,-8.98482439898899
15,0.462391186891376,0.462386687557515,0.465930703481065,-9.19957572796152,-9.19126446144539,-8.98768679834959
16,0.462276539249488,0.462256250070839,0.465762841052256,-9.19513168961673,-9.18350765281822,-8.98841058632178
17,0.462172980003543,0.462158612353581,0.465581367742414,-9.19228612143889,-9.17840070795628,-8.98517801579303
18,0.46207125345258,0.46203889657983,0.465463219182394,-9.18757098606332,-9.17065898780328,-8.98330881297317
19,0.461993605423544,0.461938709336084,0.465306366822202,-9.18248788909301,-9.16442247088428,-8.98637238266402
20,0.461898034043773,0.461874083995344,0.465105882671968,-9.17723628933128,-9.15878253714624,-9.00340830091983
21,0.461837915086995,0.461807450629698,0.46494119413966,-9.17556545500298,-9.1543969065775,-9.01198580695071
22,0.461764313138514,0.461750574873343,0.464841352422745,-9.17213882246176,-9.14947754641662,-9.00986344002352
23,0.461711035878309,0.461700998493002,0.464740347433891,-9.17097372718164,-9.14555672252772,-9.00878465620272
24,0.46165147021475,0.461647577950466,0.464672638016323,-9.16800270798852,-9.14100547405203,-9.00783191514174
25,0.461604511398455,0.461604038266688,0.464604251306614,-9.16687379076857,-9.1382434107961,-9.00585908286778
26,0.461537075572309,0.461547664478165,0.464544293775692,-9.16388934547172,-9.13301699484731,-9.00275327319862
27,0.461496168522196,0.461485366403389,0.464488287893677,-9.16199521965768,-9.12844437486201,-9.00045021720091
28,0.461436955525737,0.461447810824332,0.464442049167206,-9.15886478718047,-9.1260310541411,-8.99882045025081
29,0.461394949832699,0.461412092976251,0.464389828071572,-9.15591517848744,-9.124105621142,-8.99795687465979
30,0.461352761728805,0.461372569161856,0.464328487017276,-9.15439061443268,-9.1206997323492,-8.99813067474505
