scan,value,linear,quadratic,fir,pchip,spline,dft
1,-5,4.35215115869892,5.06856467491781,5.43687385985832,4.84311777153343,5.29001143320796,5.55541847804234
1,0,1.02898959738397,1.67855216294284,1.8591551048872,1.38981092669696,1.72714576803294,1.51124509342202
1,5,-1.01246641064561,-0.441272927710798,-0.483002102242503,-0.789202404260701,-0.596148752398707,-1.48651437777561
1,10,-1.88333367713,-1.36652295447276,-1.56995697948972,-1.74609823606616,-1.66594649199988,-3.01906022453741
1,15,-2.2657772851792,-1.75385509739651,-2.05017894859451,-2.16282384237022,-2.13955384403959,-3.7629885542496
2,8,2.53504603734084,2.98606608797517,3.37993823920003,2.97544474297496,3.27530750962174,3.63907335552054
2,16,2.38897783609882,2.96599104696494,3.36236496932058,2.65515487222427,3.22168283428924,0.481006429275531
2,32,-1.04878667914993,-0.482790635083679,-0.521087766637535,-0.832066351582588,-0.635356215977699,-1.55700377014915
2,64,-2.47082860308921,-2.00663977460004,-1.72767830718748,-2.16215460443265,-1.84170038104407,-3.11204441179136
2,128,-4.34958453637249,-3.80906527395429,-3.75506942892978,-4.21010467379027,-3.8657260382711,-4.78065054843786
